round,arm,game,device,ios,migo_version,fps_median,fps_min,cpu_pct,footprint_mb,thermal,samples,processes,breakdown
1,migo,bunnymark,iPhone XS Max,18.7.10,v0.9.15,60,58,67.1,102.7,Nominal,57,"MigoBench(11645),com.apple.WebKit.WebContent(11646),com.apple.WebKit.GPU(11647),com.apple.WebKit.Networking(11648)","MigoBench:30.5:30.8 com.apple.WebKit.WebContent:19.4:56.1 com.apple.WebKit.GPU:0.0:10.0 com.apple.WebKit.Networking:17.2:5.9"
1,webview,bunnymark,iPhone XS Max,18.7.10,v0.9.15,60,57,61.2,72.7,Nominal,57,"WebViewBench(11650),com.apple.WebKit.WebContent(11651),com.apple.WebKit.GPU(11652),com.apple.WebKit.Networking(11653)","WebViewBench:17.0:7.5 com.apple.WebKit.WebContent:16.9:47.7 com.apple.WebKit.GPU:27.3:17.4 com.apple.WebKit.Networking:0.0:6.5"
1,migo,endless-runner,iPhone XS Max,18.7.10,v0.9.15,60,56,61.1,128.0,Nominal,57,"MigoBench(11655),com.apple.WebKit.WebContent(11656),com.apple.WebKit.GPU(11657),com.apple.WebKit.Networking(11658)","MigoBench:30.0:48.3 com.apple.WebKit.WebContent:14.4:63.9 com.apple.WebKit.GPU:0.0:10.0 com.apple.WebKit.Networking:16.7:5.8"
1,webview,endless-runner,iPhone XS Max,18.7.10,v0.9.15,60,57,50.8,201.1,Nominal,58,"WebViewBench(11660),com.apple.WebKit.WebContent(11661),com.apple.WebKit.GPU(11662),com.apple.WebKit.Networking(11663)","WebViewBench:13.7:7.6 com.apple.WebKit.WebContent:12.8:169.5 com.apple.WebKit.GPU:24.3:23.9 com.apple.WebKit.Networking:0.0:6.3"
1,migo,canvasmark,iPhone XS Max,18.7.10,v0.9.15,60,57,65.5,89.7,Nominal,57,"MigoBench(11664),com.apple.WebKit.WebContent(11666),com.apple.WebKit.GPU(11667),com.apple.WebKit.Networking(11668)","MigoBench:33.4:31.5 com.apple.WebKit.WebContent:18.7:42.5 com.apple.WebKit.GPU:0.0:10.0 com.apple.WebKit.Networking:13.4:5.7"
1,webview,canvasmark,iPhone XS Max,18.7.10,v0.9.15,60,57,72.0,59.3,Nominal,58,"WebViewBench(11673),com.apple.WebKit.WebContent(11674),com.apple.WebKit.GPU(11675),com.apple.WebKit.Networking(11676)","WebViewBench:16.5:7.4 com.apple.WebKit.WebContent:21.2:31.7 com.apple.WebKit.GPU:34.3:20.3 com.apple.WebKit.Networking:0.0:5.1"
2,webview,bunnymark,iPhone XS Max,18.7.10,v0.9.15,60,57,61.1,72.8,Nominal,58,"WebViewBench(11677),com.apple.WebKit.WebContent(11678),com.apple.WebKit.GPU(11679),com.apple.WebKit.Networking(11680)","WebViewBench:16.9:7.6 com.apple.WebKit.WebContent:17.2:47.5 com.apple.WebKit.GPU:27.1:17.8 com.apple.WebKit.Networking:0.0:6.3"
2,migo,bunnymark,iPhone XS Max,18.7.10,v0.9.15,60,56,67.5,102.8,Nominal,58,"MigoBench(11681),com.apple.WebKit.WebContent(11682),com.apple.WebKit.GPU(11683),com.apple.WebKit.Networking(11684)","MigoBench:30.7:30.9 com.apple.WebKit.WebContent:19.4:55.9 com.apple.WebKit.GPU:0.0:10.1 com.apple.WebKit.Networking:17.4:5.9"
2,webview,endless-runner,iPhone XS Max,18.7.10,v0.9.15,60,56,50.9,201.5,Nominal,58,"WebViewBench(11685),com.apple.WebKit.WebContent(11686),com.apple.WebKit.GPU(11687),com.apple.WebKit.Networking(11688)","WebViewBench:13.6:7.5 com.apple.WebKit.WebContent:12.9:170.4 com.apple.WebKit.GPU:24.4:23.6 com.apple.WebKit.Networking:0.0:6.4"
2,migo,endless-runner,iPhone XS Max,18.7.10,v0.9.15,60,55,62.8,125.8,Nominal,58,"MigoBench(11694),com.apple.WebKit.WebContent(11695),com.apple.WebKit.GPU(11696),com.apple.WebKit.Networking(11697)","MigoBench:30.8:45.4 com.apple.WebKit.WebContent:14.6:64.7 com.apple.WebKit.GPU:0.0:10.0 com.apple.WebKit.Networking:17.4:5.8"
2,webview,canvasmark,iPhone XS Max,18.7.10,v0.9.15,60,57,72.0,59.3,Nominal,58,"WebViewBench(11700),com.apple.WebKit.WebContent(11701),com.apple.WebKit.GPU(11702),com.apple.WebKit.Networking(11703)","WebViewBench:16.6:7.5 com.apple.WebKit.WebContent:21.0:31.6 com.apple.WebKit.GPU:34.5:20.2 com.apple.WebKit.Networking:0.0:5.1"
2,migo,canvasmark,iPhone XS Max,18.7.10,v0.9.15,60,58,65.4,89.7,Nominal,58,"MigoBench(11705),com.apple.WebKit.WebContent(11706),com.apple.WebKit.GPU(11707),com.apple.WebKit.Networking(11708)","MigoBench:33.6:31.6 com.apple.WebKit.WebContent:18.6:42.6 com.apple.WebKit.GPU:0.0:10.0 com.apple.WebKit.Networking:13.2:5.5"
3,migo,bunnymark,iPhone XS Max,18.7.10,v0.9.15,60,56,67.4,101.8,Nominal,58,"MigoBench(11713),com.apple.WebKit.WebContent(11714),com.apple.WebKit.GPU(11715),com.apple.WebKit.Networking(11716)","MigoBench:30.9:30.8 com.apple.WebKit.WebContent:19.1:55.5 com.apple.WebKit.GPU:0.0:10.1 com.apple.WebKit.Networking:17.4:5.6"
3,webview,bunnymark,iPhone XS Max,18.7.10,v0.9.15,60,57,61.0,73.1,Nominal,58,"WebViewBench(11717),com.apple.WebKit.WebContent(11718),com.apple.WebKit.GPU(11719),com.apple.WebKit.Networking(11720)","WebViewBench:16.9:7.5 com.apple.WebKit.WebContent:17.1:47.7 com.apple.WebKit.GPU:27.1:17.9 com.apple.WebKit.Networking:0.0:6.6"
3,migo,endless-runner,iPhone XS Max,18.7.10,v0.9.15,60,57,61.1,129.0,Nominal,57,"MigoBench(11722),com.apple.WebKit.WebContent(11723),com.apple.WebKit.GPU(11724),com.apple.WebKit.Networking(11725)","MigoBench:30.0:48.6 com.apple.WebKit.WebContent:14.1:64.8 com.apple.WebKit.GPU:0.0:10.0 com.apple.WebKit.Networking:16.9:5.6"
3,webview,endless-runner,iPhone XS Max,18.7.10,v0.9.15,60,57,51.1,205.4,Nominal,58,"WebViewBench(11726),com.apple.WebKit.WebContent(11727),com.apple.WebKit.GPU(11728),com.apple.WebKit.Networking(11729)","WebViewBench:13.6:7.7 com.apple.WebKit.WebContent:12.8:173.2 com.apple.WebKit.GPU:24.6:23.9 com.apple.WebKit.Networking:0.0:6.3"
3,migo,canvasmark,iPhone XS Max,18.7.10,v0.9.15,60,56,65.3,89.2,Nominal,58,"MigoBench(11730),com.apple.WebKit.WebContent(11731),com.apple.WebKit.GPU(11732),com.apple.WebKit.Networking(11733)","MigoBench:33.5:31.7 com.apple.WebKit.WebContent:18.6:42.3 com.apple.WebKit.GPU:0.0:10.0 com.apple.WebKit.Networking:13.2:5.9"
3,webview,canvasmark,iPhone XS Max,18.7.10,v0.9.15,60,57,71.9,59.7,Nominal,58,"WebViewBench(11734),com.apple.WebKit.WebContent(11735),com.apple.WebKit.GPU(11736),com.apple.WebKit.Networking(11737)","WebViewBench:16.5:7.6 com.apple.WebKit.WebContent:21.2:31.6 com.apple.WebKit.GPU:34.2:20.5 com.apple.WebKit.Networking:0.0:5.1"
