round,arm,game,mac,macos,gpu,migo_version,fps_median,fps_min,cpu_pct,footprint_mb,cpu_limit_min,samples,processes,breakdown
1,migo,bunnymark,"MacBookPro16,1","26.6.2","discrete (AMD Radeon Pro 5300M)",v0.9.18,60,57,11.3,53.0,100,6,"MigoBenchMac","MigoBenchMac=11.3%"
1,webview,bunnymark,"MacBookPro16,1","26.6.2","discrete (AMD Radeon Pro 5300M)",v0.9.18,60,58,25.0,77.9,100,6,"WebViewBenchMac com.apple.WebKit.GPU com.apple.WebKit.Networking com.apple.WebKit.WebContent","WebViewBenchMac=6.3% com.apple.WebKit.GPU=11.2% com.apple.WebKit.Networking=0.0% com.apple.WebKit.WebContent=7.5%"
1,migo,endless-runner,"MacBookPro16,1","26.6.2","discrete (AMD Radeon Pro 5300M)",v0.9.18,60,57,12.0,59.0,100,6,"MigoBenchMac","MigoBenchMac=12.0%"
1,webview,endless-runner,"MacBookPro16,1","26.6.2","discrete (AMD Radeon Pro 5300M)",v0.9.18,60,59,18.0,107.5,100,6,"WebViewBenchMac com.apple.WebKit.GPU com.apple.WebKit.Networking com.apple.WebKit.WebContent","WebViewBenchMac=4.2% com.apple.WebKit.GPU=8.6% com.apple.WebKit.Networking=0.0% com.apple.WebKit.WebContent=5.2%"
1,migo,canvasmark,"MacBookPro16,1","26.6.2","discrete (AMD Radeon Pro 5300M)",v0.9.18,60,58,15.7,41.0,100,6,"MigoBenchMac","MigoBenchMac=15.7%"
1,webview,canvasmark,"MacBookPro16,1","26.6.2","discrete (AMD Radeon Pro 5300M)",v0.9.18,60,60,20.3,73.0,100,6,"WebViewBenchMac com.apple.WebKit.GPU com.apple.WebKit.Networking com.apple.WebKit.WebContent","WebViewBenchMac=5.0% com.apple.WebKit.GPU=8.5% com.apple.WebKit.Networking=0.0% com.apple.WebKit.WebContent=6.7%"
2,webview,bunnymark,"MacBookPro16,1","26.6.2","discrete (AMD Radeon Pro 5300M)",v0.9.18,60,59,24.9,77.9,100,6,"WebViewBenchMac com.apple.WebKit.GPU com.apple.WebKit.Networking com.apple.WebKit.WebContent","WebViewBenchMac=6.3% com.apple.WebKit.GPU=11.2% com.apple.WebKit.Networking=0.0% com.apple.WebKit.WebContent=7.5%"
2,migo,bunnymark,"MacBookPro16,1","26.6.2","discrete (AMD Radeon Pro 5300M)",v0.9.18,60,58,12.0,54.0,100,6,"MigoBenchMac","MigoBenchMac=12.0%"
2,webview,endless-runner,"MacBookPro16,1","26.6.2","discrete (AMD Radeon Pro 5300M)",v0.9.18,60,60,18.1,107.5,100,6,"WebViewBenchMac com.apple.WebKit.GPU com.apple.WebKit.Networking com.apple.WebKit.WebContent","WebViewBenchMac=4.2% com.apple.WebKit.GPU=8.7% com.apple.WebKit.Networking=0.0% com.apple.WebKit.WebContent=5.2%"
2,migo,endless-runner,"MacBookPro16,1","26.6.2","discrete (AMD Radeon Pro 5300M)",v0.9.18,60,57,11.5,71.0,100,6,"MigoBenchMac","MigoBenchMac=11.5%"
2,webview,canvasmark,"MacBookPro16,1","26.6.2","discrete (AMD Radeon Pro 5300M)",v0.9.18,60,59,20.0,74.0,100,6,"WebViewBenchMac com.apple.WebKit.GPU com.apple.WebKit.Networking com.apple.WebKit.WebContent","WebViewBenchMac=5.0% com.apple.WebKit.GPU=8.4% com.apple.WebKit.Networking=0.0% com.apple.WebKit.WebContent=6.6%"
2,migo,canvasmark,"MacBookPro16,1","26.6.2","discrete (AMD Radeon Pro 5300M)",v0.9.18,60,58,15.8,41.0,100,6,"MigoBenchMac","MigoBenchMac=15.8%"
3,migo,bunnymark,"MacBookPro16,1","26.6.2","discrete (AMD Radeon Pro 5300M)",v0.9.18,60,58,12.0,52.5,100,6,"MigoBenchMac","MigoBenchMac=12.0%"
3,webview,bunnymark,"MacBookPro16,1","26.6.2","discrete (AMD Radeon Pro 5300M)",v0.9.18,60,59,25.1,77.9,100,6,"WebViewBenchMac com.apple.WebKit.GPU com.apple.WebKit.Networking com.apple.WebKit.WebContent","WebViewBenchMac=6.3% com.apple.WebKit.GPU=11.1% com.apple.WebKit.Networking=0.0% com.apple.WebKit.WebContent=7.6%"
3,migo,endless-runner,"MacBookPro16,1","26.6.2","discrete (AMD Radeon Pro 5300M)",v0.9.18,60,57,11.9,78.5,100,6,"MigoBenchMac","MigoBenchMac=11.9%"
3,webview,endless-runner,"MacBookPro16,1","26.6.2","discrete (AMD Radeon Pro 5300M)",v0.9.18,60,59,18.0,102.4,100,6,"WebViewBenchMac com.apple.WebKit.GPU com.apple.WebKit.Networking com.apple.WebKit.WebContent","WebViewBenchMac=4.2% com.apple.WebKit.GPU=8.6% com.apple.WebKit.Networking=0.0% com.apple.WebKit.WebContent=5.2%"
3,migo,canvasmark,"MacBookPro16,1","26.6.2","discrete (AMD Radeon Pro 5300M)",v0.9.18,60,58,16.1,41.0,100,6,"MigoBenchMac","MigoBenchMac=16.1%"
3,webview,canvasmark,"MacBookPro16,1","26.6.2","discrete (AMD Radeon Pro 5300M)",v0.9.18,60,60,19.9,73.9,100,6,"WebViewBenchMac com.apple.WebKit.GPU com.apple.WebKit.Networking com.apple.WebKit.WebContent","WebViewBenchMac=4.9% com.apple.WebKit.GPU=8.4% com.apple.WebKit.Networking=0.0% com.apple.WebKit.WebContent=6.6%"
